Dataset:name:1-TNBC	/uod/idr/filesets/idr0150-friedman-cafs/20230629-Globus/Ruth Scherz-Shouval/1-TNBC/Images/Images/Patient_60_core_3.tiff
Dataset:name:1-TNBC	/uod/idr/filesets/idr0150-friedman-cafs/20230629-Globus/Ruth Scherz-Shouval/1-TNBC/Images/Images/Patient_24_core_1.tiff
Dataset:name:1-TNBC	/uod/idr/filesets/idr0150-friedman-cafs/20230629-Globus/Ruth Scherz-Shouval/1-TNBC/Images/Images/Patient_6_Core_2.tiff
Dataset:name:1-TNBC	/uod/idr/filesets/idr0150-friedman-cafs/20230629-Globus/Ruth Scherz-Shouval/1-TNBC/Images/Images/Patient_40_core_2.tiff
Dataset:name:1-TNBC	/uod/idr/filesets/idr0150-friedman-cafs/20230629-Globus/Ruth Scherz-Shouval/1-TNBC/Images/Images/Patient_1_Core_3.tiff
Dataset:name:1-TNBC	/uod/idr/filesets/idr0150-friedman-cafs/20230629-Globus/Ruth Scherz-Shouval/1-TNBC/Images/Images/Patient_74_core_2.tiff
Dataset:name:1-TNBC	/uod/idr/filesets/idr0150-friedman-cafs/20230629-Globus/Ruth Scherz-Shouval/1-TNBC/Images/Images/Patient_43_core_3.tiff
Dataset:name:1-TNBC	/uod/idr/filesets/idr0150-friedman-cafs/20230629-Globus/Ruth Scherz-Shouval/1-TNBC/Images/Images/Patient_61_core_3.tiff
Dataset:name:1-TNBC	/uod/idr/filesets/idr0150-friedman-cafs/20230629-Globus/Ruth Scherz-Shouval/1-TNBC/Images/Images/Patient_33_core_1.tiff
Dataset:name:1-TNBC	/uod/idr/filesets/idr0150-friedman-cafs/20230629-Globus/Ruth Scherz-Shouval/1-TNBC/Images/Images/Patient_13_core_1.tiff
Dataset:name:1-TNBC	/uod/idr/filesets/idr0150-friedman-cafs/20230629-Globus/Ruth Scherz-Shouval/1-TNBC/Images/Images/Patient_17_core_1.tiff
Dataset:name:1-TNBC	/uod/idr/filesets/idr0150-friedman-cafs/20230629-Globus/Ruth Scherz-Shouval/1-TNBC/Images/Images/Patient_5_core_4.tiff
Dataset:name:1-TNBC	/uod/idr/filesets/idr0150-friedman-cafs/20230629-Globus/Ruth Scherz-Shouval/1-TNBC/Images/Images/Patient_50_core_1.tiff
Dataset:name:1-TNBC	/uod/idr/filesets/idr0150-friedman-cafs/20230629-Globus/Ruth Scherz-Shouval/1-TNBC/Images/Images/Patient_23_core_1.tiff
Dataset:name:1-TNBC	/uod/idr/filesets/idr0150-friedman-cafs/20230629-Globus/Ruth Scherz-Shouval/1-TNBC/Images/Images/Patient_16_core_3.tiff
Dataset:name:1-TNBC	/uod/idr/filesets/idr0150-friedman-cafs/20230629-Globus/Ruth Scherz-Shouval/1-TNBC/Images/Images/Patient_41_core_2.tiff
Dataset:name:1-TNBC	/uod/idr/filesets/idr0150-friedman-cafs/20230629-Globus/Ruth Scherz-Shouval/1-TNBC/Images/Images/Patient_8_Core_3.tiff
Dataset:name:1-TNBC	/uod/idr/filesets/idr0150-friedman-cafs/20230629-Globus/Ruth Scherz-Shouval/1-TNBC/Images/Images/Patient_5_Core_2.tiff
Dataset:name:1-TNBC	/uod/idr/filesets/idr0150-friedman-cafs/20230629-Globus/Ruth Scherz-Shouval/1-TNBC/Images/Images/Patient_41_core_1.tiff
Dataset:name:1-TNBC	/uod/idr/filesets/idr0150-friedman-cafs/20230629-Globus/Ruth Scherz-Shouval/1-TNBC/Images/Images/Patient_77_core_1.tiff
Dataset:name:1-TNBC	/uod/idr/filesets/idr0150-friedman-cafs/20230629-Globus/Ruth Scherz-Shouval/1-TNBC/Images/Images/Patient_48_core_3.tiff
Dataset:name:1-TNBC	/uod/idr/filesets/idr0150-friedman-cafs/20230629-Globus/Ruth Scherz-Shouval/1-TNBC/Images/Images/Patient_72_core_3.tiff
Dataset:name:1-TNBC	/uod/idr/filesets/idr0150-friedman-cafs/20230629-Globus/Ruth Scherz-Shouval/1-TNBC/Images/Images/Patient_66_core_3.tiff
Dataset:name:1-TNBC	/uod/idr/filesets/idr0150-friedman-cafs/20230629-Globus/Ruth Scherz-Shouval/1-TNBC/Images/Images/Patient_71_core_1.tiff
Dataset:name:1-TNBC	/uod/idr/filesets/idr0150-friedman-cafs/20230629-Globus/Ruth Scherz-Shouval/1-TNBC/Images/Images/Patient_19_core_3.tiff
Dataset:name:1-TNBC	/uod/idr/filesets/idr0150-friedman-cafs/20230629-Globus/Ruth Scherz-Shouval/1-TNBC/Images/Images/Patient_72_core_1.tiff
Dataset:name:1-TNBC	/uod/idr/filesets/idr0150-friedman-cafs/20230629-Globus/Ruth Scherz-Shouval/1-TNBC/Images/Images/Patient_10_core_2.tiff
Dataset:name:1-TNBC	/uod/idr/filesets/idr0150-friedman-cafs/20230629-Globus/Ruth Scherz-Shouval/1-TNBC/Images/Images/Patient_69_core_3.tiff
Dataset:name:1-TNBC	/uod/idr/filesets/idr0150-friedman-cafs/20230629-Globus/Ruth Scherz-Shouval/1-TNBC/Images/Images/Patient_60_core_2.tiff
Dataset:name:1-TNBC	/uod/idr/filesets/idr0150-friedman-cafs/20230629-Globus/Ruth Scherz-Shouval/1-TNBC/Images/Images/Patient_21_core_1.tiff
Dataset:name:1-TNBC	/uod/idr/filesets/idr0150-friedman-cafs/20230629-Globus/Ruth Scherz-Shouval/1-TNBC/Images/Images/Patient_67_core_3.tiff
Dataset:name:1-TNBC	/uod/idr/filesets/idr0150-friedman-cafs/20230629-Globus/Ruth Scherz-Shouval/1-TNBC/Images/Images/Patient_20_core_2.tiff
Dataset:name:1-TNBC	/uod/idr/filesets/idr0150-friedman-cafs/20230629-Globus/Ruth Scherz-Shouval/1-TNBC/Images/Images/Patient_7_Core_3.tiff
Dataset:name:1-TNBC	/uod/idr/filesets/idr0150-friedman-cafs/20230629-Globus/Ruth Scherz-Shouval/1-TNBC/Images/Images/Patient_44_core_3.tiff
Dataset:name:1-TNBC	/uod/idr/filesets/idr0150-friedman-cafs/20230629-Globus/Ruth Scherz-Shouval/1-TNBC/Images/Images/Patient_75_core_2.tiff
Dataset:name:1-TNBC	/uod/idr/filesets/idr0150-friedman-cafs/20230629-Globus/Ruth Scherz-Shouval/1-TNBC/Images/Images/Patient_27_core_2.tiff
Dataset:name:1-TNBC	/uod/idr/filesets/idr0150-friedman-cafs/20230629-Globus/Ruth Scherz-Shouval/1-TNBC/Images/Images/Patient_43_core_1.tiff
Dataset:name:1-TNBC	/uod/idr/filesets/idr0150-friedman-cafs/20230629-Globus/Ruth Scherz-Shouval/1-TNBC/Images/Images/Patient_33_core_3.tiff
Dataset:name:1-TNBC	/uod/idr/filesets/idr0150-friedman-cafs/20230629-Globus/Ruth Scherz-Shouval/1-TNBC/Images/Images/Patient_35_core_2.tiff
Dataset:name:1-TNBC	/uod/idr/filesets/idr0150-friedman-cafs/20230629-Globus/Ruth Scherz-Shouval/1-TNBC/Images/Images/Patient_16_core_2.tiff
Dataset:name:1-TNBC	/uod/idr/filesets/idr0150-friedman-cafs/20230629-Globus/Ruth Scherz-Shouval/1-TNBC/Images/Images/Patient_52_core_1.tiff
Dataset:name:1-TNBC	/uod/idr/filesets/idr0150-friedman-cafs/20230629-Globus/Ruth Scherz-Shouval/1-TNBC/Images/Images/Patient_74_core_1.tiff
Dataset:name:1-TNBC	/uod/idr/filesets/idr0150-friedman-cafs/20230629-Globus/Ruth Scherz-Shouval/1-TNBC/Images/Images/Patient_20_core_1.tiff
Dataset:name:1-TNBC	/uod/idr/filesets/idr0150-friedman-cafs/20230629-Globus/Ruth Scherz-Shouval/1-TNBC/Images/Images/Patient_44_core_1.tiff
Dataset:name:1-TNBC	/uod/idr/filesets/idr0150-friedman-cafs/20230629-Globus/Ruth Scherz-Shouval/1-TNBC/Images/Images/Patient_49_core_2.tiff
Dataset:name:1-TNBC	/uod/idr/filesets/idr0150-friedman-cafs/20230629-Globus/Ruth Scherz-Shouval/1-TNBC/Images/Images/Patient_65_core_3.tiff
Dataset:name:1-TNBC	/uod/idr/filesets/idr0150-friedman-cafs/20230629-Globus/Ruth Scherz-Shouval/1-TNBC/Images/Images/Patient_52_core_3.tiff
Dataset:name:1-TNBC	/uod/idr/filesets/idr0150-friedman-cafs/20230629-Globus/Ruth Scherz-Shouval/1-TNBC/Images/Images/Patient_69_core_1.tiff
Dataset:name:1-TNBC	/uod/idr/filesets/idr0150-friedman-cafs/20230629-Globus/Ruth Scherz-Shouval/1-TNBC/Images/Images/Patient_8_Core_2.tiff
Dataset:name:1-TNBC	/uod/idr/filesets/idr0150-friedman-cafs/20230629-Globus/Ruth Scherz-Shouval/1-TNBC/Images/Images/Patient_11_core_2.tiff
Dataset:name:1-TNBC	/uod/idr/filesets/idr0150-friedman-cafs/20230629-Globus/Ruth Scherz-Shouval/1-TNBC/Images/Images/Patient_26_core_2.tiff
Dataset:name:1-TNBC	/uod/idr/filesets/idr0150-friedman-cafs/20230629-Globus/Ruth Scherz-Shouval/1-TNBC/Images/Images/Patient_77_core_3.tiff
Dataset:name:1-TNBC	/uod/idr/filesets/idr0150-friedman-cafs/20230629-Globus/Ruth Scherz-Shouval/1-TNBC/Images/Images/Patient_43_core_2.tiff
Dataset:name:1-TNBC	/uod/idr/filesets/idr0150-friedman-cafs/20230629-Globus/Ruth Scherz-Shouval/1-TNBC/Images/Images/Patient_23_core_2.tiff
Dataset:name:1-TNBC	/uod/idr/filesets/idr0150-friedman-cafs/20230629-Globus/Ruth Scherz-Shouval/1-TNBC/Images/Images/Patient_19_core_1.tiff
Dataset:name:1-TNBC	/uod/idr/filesets/idr0150-friedman-cafs/20230629-Globus/Ruth Scherz-Shouval/1-TNBC/Images/Images/Patient_59_core_3.tiff
Dataset:name:1-TNBC	/uod/idr/filesets/idr0150-friedman-cafs/20230629-Globus/Ruth Scherz-Shouval/1-TNBC/Images/Images/Patient_21_core_2.tiff
Dataset:name:1-TNBC	/uod/idr/filesets/idr0150-friedman-cafs/20230629-Globus/Ruth Scherz-Shouval/1-TNBC/Images/Images/Patient_63_core_3.tiff
Dataset:name:1-TNBC	/uod/idr/filesets/idr0150-friedman-cafs/20230629-Globus/Ruth Scherz-Shouval/1-TNBC/Images/Images/Patient_46_core_2.tiff
Dataset:name:1-TNBC	/uod/idr/filesets/idr0150-friedman-cafs/20230629-Globus/Ruth Scherz-Shouval/1-TNBC/Images/Images/Patient_71_core_2.tiff
Dataset:name:1-TNBC	/uod/idr/filesets/idr0150-friedman-cafs/20230629-Globus/Ruth Scherz-Shouval/1-TNBC/Images/Images/Patient_64_core_1.tiff
Dataset:name:1-TNBC	/uod/idr/filesets/idr0150-friedman-cafs/20230629-Globus/Ruth Scherz-Shouval/1-TNBC/Images/Images/Patient_29_core_2.tiff
Dataset:name:1-TNBC	/uod/idr/filesets/idr0150-friedman-cafs/20230629-Globus/Ruth Scherz-Shouval/1-TNBC/Images/Images/Patient_42_core_3.tiff
Dataset:name:1-TNBC	/uod/idr/filesets/idr0150-friedman-cafs/20230629-Globus/Ruth Scherz-Shouval/1-TNBC/Images/Images/Patient_17_core_4.tiff
Dataset:name:1-TNBC	/uod/idr/filesets/idr0150-friedman-cafs/20230629-Globus/Ruth Scherz-Shouval/1-TNBC/Images/Images/Patient_53_core_2.tiff
Dataset:name:1-TNBC	/uod/idr/filesets/idr0150-friedman-cafs/20230629-Globus/Ruth Scherz-Shouval/1-TNBC/Images/Images/Patient_48_core_2.tiff
Dataset:name:1-TNBC	/uod/idr/filesets/idr0150-friedman-cafs/20230629-Globus/Ruth Scherz-Shouval/1-TNBC/Images/Images/Patient_34_core_3.tiff
Dataset:name:1-TNBC	/uod/idr/filesets/idr0150-friedman-cafs/20230629-Globus/Ruth Scherz-Shouval/1-TNBC/Images/Images/Patient_41_core_3.tiff
Dataset:name:1-TNBC	/uod/idr/filesets/idr0150-friedman-cafs/20230629-Globus/Ruth Scherz-Shouval/1-TNBC/Images/Images/Patient_47_core_3.tiff
Dataset:name:1-TNBC	/uod/idr/filesets/idr0150-friedman-cafs/20230629-Globus/Ruth Scherz-Shouval/1-TNBC/Images/Images/Patient_26_core_1.tiff
Dataset:name:1-TNBC	/uod/idr/filesets/idr0150-friedman-cafs/20230629-Globus/Ruth Scherz-Shouval/1-TNBC/Images/Images/Patient_35_core_3.tiff
Dataset:name:1-TNBC	/uod/idr/filesets/idr0150-friedman-cafs/20230629-Globus/Ruth Scherz-Shouval/1-TNBC/Images/Images/Patient_68_core_3.tiff
Dataset:name:1-TNBC	/uod/idr/filesets/idr0150-friedman-cafs/20230629-Globus/Ruth Scherz-Shouval/1-TNBC/Images/Images/Patient_54_core_1.tiff
Dataset:name:1-TNBC	/uod/idr/filesets/idr0150-friedman-cafs/20230629-Globus/Ruth Scherz-Shouval/1-TNBC/Images/Images/Patient_78_core_2.tiff
Dataset:name:1-TNBC	/uod/idr/filesets/idr0150-friedman-cafs/20230629-Globus/Ruth Scherz-Shouval/1-TNBC/Images/Images/Patient_30_core_3.tiff
Dataset:name:1-TNBC	/uod/idr/filesets/idr0150-friedman-cafs/20230629-Globus/Ruth Scherz-Shouval/1-TNBC/Images/Images/Patient_55_core_2.tiff
Dataset:name:1-TNBC	/uod/idr/filesets/idr0150-friedman-cafs/20230629-Globus/Ruth Scherz-Shouval/1-TNBC/Images/Images/Patient_53_core_3.tiff
Dataset:name:1-TNBC	/uod/idr/filesets/idr0150-friedman-cafs/20230629-Globus/Ruth Scherz-Shouval/1-TNBC/Images/Images/Patient_30_core_2.tiff
Dataset:name:1-TNBC	/uod/idr/filesets/idr0150-friedman-cafs/20230629-Globus/Ruth Scherz-Shouval/1-TNBC/Images/Images/Patient_31_core_2.tiff
Dataset:name:1-TNBC	/uod/idr/filesets/idr0150-friedman-cafs/20230629-Globus/Ruth Scherz-Shouval/1-TNBC/Images/Images/Patient_30_core_1.tiff
Dataset:name:1-TNBC	/uod/idr/filesets/idr0150-friedman-cafs/20230629-Globus/Ruth Scherz-Shouval/1-TNBC/Images/Images/Patient_53_core_1.tiff
Dataset:name:1-TNBC	/uod/idr/filesets/idr0150-friedman-cafs/20230629-Globus/Ruth Scherz-Shouval/1-TNBC/Images/Images/Patient_36_core_2.tiff
Dataset:name:1-TNBC	/uod/idr/filesets/idr0150-friedman-cafs/20230629-Globus/Ruth Scherz-Shouval/1-TNBC/Images/Images/Patient_6_Core_1.tiff
Dataset:name:1-TNBC	/uod/idr/filesets/idr0150-friedman-cafs/20230629-Globus/Ruth Scherz-Shouval/1-TNBC/Images/Images/Patient_55_core_1.tiff
Dataset:name:1-TNBC	/uod/idr/filesets/idr0150-friedman-cafs/20230629-Globus/Ruth Scherz-Shouval/1-TNBC/Images/Images/Patient_59_core_1.tiff
Dataset:name:1-TNBC	/uod/idr/filesets/idr0150-friedman-cafs/20230629-Globus/Ruth Scherz-Shouval/1-TNBC/Images/Images/Patient_22_core_1.tiff
Dataset:name:1-TNBC	/uod/idr/filesets/idr0150-friedman-cafs/20230629-Globus/Ruth Scherz-Shouval/1-TNBC/Images/Images/Patient_23_core_3.tiff
Dataset:name:1-TNBC	/uod/idr/filesets/idr0150-friedman-cafs/20230629-Globus/Ruth Scherz-Shouval/1-TNBC/Images/Images/Patient_7_Core_1.tiff
Dataset:name:1-TNBC	/uod/idr/filesets/idr0150-friedman-cafs/20230629-Globus/Ruth Scherz-Shouval/1-TNBC/Images/Images/Patient_39_core_2.tiff
Dataset:name:1-TNBC	/uod/idr/filesets/idr0150-friedman-cafs/20230629-Globus/Ruth Scherz-Shouval/1-TNBC/Images/Images/Patient_69_core_2.tiff
Dataset:name:1-TNBC	/uod/idr/filesets/idr0150-friedman-cafs/20230629-Globus/Ruth Scherz-Shouval/1-TNBC/Images/Images/Patient_2_Core_2.tiff
Dataset:name:1-TNBC	/uod/idr/filesets/idr0150-friedman-cafs/20230629-Globus/Ruth Scherz-Shouval/1-TNBC/Images/Images/Patient_29_core_1.tiff
Dataset:name:1-TNBC	/uod/idr/filesets/idr0150-friedman-cafs/20230629-Globus/Ruth Scherz-Shouval/1-TNBC/Images/Images/Patient_34_core_2.tiff
Dataset:name:1-TNBC	/uod/idr/filesets/idr0150-friedman-cafs/20230629-Globus/Ruth Scherz-Shouval/1-TNBC/Images/Images/Patient_49_core_1.tiff
Dataset:name:1-TNBC	/uod/idr/filesets/idr0150-friedman-cafs/20230629-Globus/Ruth Scherz-Shouval/1-TNBC/Images/Images/Patient_39_core_1.tiff
Dataset:name:1-TNBC	/uod/idr/filesets/idr0150-friedman-cafs/20230629-Globus/Ruth Scherz-Shouval/1-TNBC/Images/Images/Patient_77_core_2.tiff
Dataset:name:1-TNBC	/uod/idr/filesets/idr0150-friedman-cafs/20230629-Globus/Ruth Scherz-Shouval/1-TNBC/Images/Images/Patient_4_Core_2.tiff
Dataset:name:1-TNBC	/uod/idr/filesets/idr0150-friedman-cafs/20230629-Globus/Ruth Scherz-Shouval/1-TNBC/Images/Images/Patient_18_core_2.tiff
Dataset:name:1-TNBC	/uod/idr/filesets/idr0150-friedman-cafs/20230629-Globus/Ruth Scherz-Shouval/1-TNBC/Images/Images/Patient_14_core_1.tiff
Dataset:name:1-TNBC	/uod/idr/filesets/idr0150-friedman-cafs/20230629-Globus/Ruth Scherz-Shouval/1-TNBC/Images/Images/Patient_21_core_3.tiff
Dataset:name:1-TNBC	/uod/idr/filesets/idr0150-friedman-cafs/20230629-Globus/Ruth Scherz-Shouval/1-TNBC/Images/Images/Patient_76_core_2.tiff
Dataset:name:1-TNBC	/uod/idr/filesets/idr0150-friedman-cafs/20230629-Globus/Ruth Scherz-Shouval/1-TNBC/Images/Images/Patient_68_core_1.tiff
Dataset:name:1-TNBC	/uod/idr/filesets/idr0150-friedman-cafs/20230629-Globus/Ruth Scherz-Shouval/1-TNBC/Images/Images/Patient_44_core_2.tiff
Dataset:name:1-TNBC	/uod/idr/filesets/idr0150-friedman-cafs/20230629-Globus/Ruth Scherz-Shouval/1-TNBC/Images/Images/Patient_5_core_5.tiff
Dataset:name:1-TNBC	/uod/idr/filesets/idr0150-friedman-cafs/20230629-Globus/Ruth Scherz-Shouval/1-TNBC/Images/Images/Patient_55_core_3.tiff
Dataset:name:1-TNBC	/uod/idr/filesets/idr0150-friedman-cafs/20230629-Globus/Ruth Scherz-Shouval/1-TNBC/Images/Images/Patient_75_core_1.tiff
Dataset:name:1-TNBC	/uod/idr/filesets/idr0150-friedman-cafs/20230629-Globus/Ruth Scherz-Shouval/1-TNBC/Images/Images/Patient_57_core_3.tiff
Dataset:name:1-TNBC	/uod/idr/filesets/idr0150-friedman-cafs/20230629-Globus/Ruth Scherz-Shouval/1-TNBC/Images/Images/Patient_18_core_3.tiff
Dataset:name:1-TNBC	/uod/idr/filesets/idr0150-friedman-cafs/20230629-Globus/Ruth Scherz-Shouval/1-TNBC/Images/Images/Patient_10_core_1.tiff
Dataset:name:1-TNBC	/uod/idr/filesets/idr0150-friedman-cafs/20230629-Globus/Ruth Scherz-Shouval/1-TNBC/Images/Images/Patient_10_core_3.tiff
Dataset:name:1-TNBC	/uod/idr/filesets/idr0150-friedman-cafs/20230629-Globus/Ruth Scherz-Shouval/1-TNBC/Images/Images/Patient_11_core_3.tiff
Dataset:name:1-TNBC	/uod/idr/filesets/idr0150-friedman-cafs/20230629-Globus/Ruth Scherz-Shouval/1-TNBC/Images/Images/Patient_4_Core_3.tiff
Dataset:name:1-TNBC	/uod/idr/filesets/idr0150-friedman-cafs/20230629-Globus/Ruth Scherz-Shouval/1-TNBC/Images/Images/Patient_20_core_3.tiff
Dataset:name:1-TNBC	/uod/idr/filesets/idr0150-friedman-cafs/20230629-Globus/Ruth Scherz-Shouval/1-TNBC/Images/Images/Patient_75_core_3.tiff
Dataset:name:1-TNBC	/uod/idr/filesets/idr0150-friedman-cafs/20230629-Globus/Ruth Scherz-Shouval/1-TNBC/Images/Images/Patient_47_core_2.tiff
Dataset:name:1-TNBC	/uod/idr/filesets/idr0150-friedman-cafs/20230629-Globus/Ruth Scherz-Shouval/1-TNBC/Images/Images/Patient_45_core_3.tiff
Dataset:name:1-TNBC	/uod/idr/filesets/idr0150-friedman-cafs/20230629-Globus/Ruth Scherz-Shouval/1-TNBC/Images/Images/Patient_56_core_1.tiff
Dataset:name:1-TNBC	/uod/idr/filesets/idr0150-friedman-cafs/20230629-Globus/Ruth Scherz-Shouval/1-TNBC/Images/Images/Patient_59_core_2.tiff
Dataset:name:1-TNBC	/uod/idr/filesets/idr0150-friedman-cafs/20230629-Globus/Ruth Scherz-Shouval/1-TNBC/Images/Images/Patient_58_core_3.tiff
Dataset:name:1-TNBC	/uod/idr/filesets/idr0150-friedman-cafs/20230629-Globus/Ruth Scherz-Shouval/1-TNBC/Images/Images/Patient_17_core_2.tiff
Dataset:name:1-TNBC	/uod/idr/filesets/idr0150-friedman-cafs/20230629-Globus/Ruth Scherz-Shouval/1-TNBC/Images/Images/Patient_61_core_1.tiff
Dataset:name:1-TNBC	/uod/idr/filesets/idr0150-friedman-cafs/20230629-Globus/Ruth Scherz-Shouval/1-TNBC/Images/Images/Patient_45_core_2.tiff
Dataset:name:1-TNBC	/uod/idr/filesets/idr0150-friedman-cafs/20230629-Globus/Ruth Scherz-Shouval/1-TNBC/Images/Images/Patient_12_core_2.tiff
Dataset:name:1-TNBC	/uod/idr/filesets/idr0150-friedman-cafs/20230629-Globus/Ruth Scherz-Shouval/1-TNBC/Images/Images/Patient_28_core_3.tiff
Dataset:name:1-TNBC	/uod/idr/filesets/idr0150-friedman-cafs/20230629-Globus/Ruth Scherz-Shouval/1-TNBC/Images/Images/Patient_78_core_1.tiff
Dataset:name:1-TNBC	/uod/idr/filesets/idr0150-friedman-cafs/20230629-Globus/Ruth Scherz-Shouval/1-TNBC/Images/Images/Patient_16_core_1.tiff
Dataset:name:1-TNBC	/uod/idr/filesets/idr0150-friedman-cafs/20230629-Globus/Ruth Scherz-Shouval/1-TNBC/Images/Images/Patient_57_core_1.tiff
Dataset:name:1-TNBC	/uod/idr/filesets/idr0150-friedman-cafs/20230629-Globus/Ruth Scherz-Shouval/1-TNBC/Images/Images/Patient_14_core_2.tiff
Dataset:name:1-TNBC	/uod/idr/filesets/idr0150-friedman-cafs/20230629-Globus/Ruth Scherz-Shouval/1-TNBC/Images/Images/Patient_51_core_2.tiff
Dataset:name:1-TNBC	/uod/idr/filesets/idr0150-friedman-cafs/20230629-Globus/Ruth Scherz-Shouval/1-TNBC/Images/Images/Patient_62_core_1.tiff
Dataset:name:1-TNBC	/uod/idr/filesets/idr0150-friedman-cafs/20230629-Globus/Ruth Scherz-Shouval/1-TNBC/Images/Images/Patient_52_core_2.tiff
Dataset:name:1-TNBC	/uod/idr/filesets/idr0150-friedman-cafs/20230629-Globus/Ruth Scherz-Shouval/1-TNBC/Images/Images/Patient_57_core_2.tiff
Dataset:name:1-TNBC	/uod/idr/filesets/idr0150-friedman-cafs/20230629-Globus/Ruth Scherz-Shouval/1-TNBC/Images/Images/Patient_27_core_1.tiff
Dataset:name:1-TNBC	/uod/idr/filesets/idr0150-friedman-cafs/20230629-Globus/Ruth Scherz-Shouval/1-TNBC/Images/Images/Patient_62_core_2.tiff
Dataset:name:1-TNBC	/uod/idr/filesets/idr0150-friedman-cafs/20230629-Globus/Ruth Scherz-Shouval/1-TNBC/Images/Images/Patient_45_core_1.tiff
Dataset:name:1-TNBC	/uod/idr/filesets/idr0150-friedman-cafs/20230629-Globus/Ruth Scherz-Shouval/1-TNBC/Images/Images/Patient_14_core_3.tiff
Dataset:name:1-TNBC	/uod/idr/filesets/idr0150-friedman-cafs/20230629-Globus/Ruth Scherz-Shouval/1-TNBC/Images/Images/Patient_51_core_3.tiff
Dataset:name:1-TNBC	/uod/idr/filesets/idr0150-friedman-cafs/20230629-Globus/Ruth Scherz-Shouval/1-TNBC/Images/Images/Patient_22_core_3.tiff
Dataset:name:1-TNBC	/uod/idr/filesets/idr0150-friedman-cafs/20230629-Globus/Ruth Scherz-Shouval/1-TNBC/Images/Images/Patient_42_core_1.tiff
Dataset:name:1-TNBC	/uod/idr/filesets/idr0150-friedman-cafs/20230629-Globus/Ruth Scherz-Shouval/1-TNBC/Images/Images/Patient_36_core_3.tiff
Dataset:name:1-TNBC	/uod/idr/filesets/idr0150-friedman-cafs/20230629-Globus/Ruth Scherz-Shouval/1-TNBC/Images/Images/Patient_61_core_2.tiff
Dataset:name:1-TNBC	/uod/idr/filesets/idr0150-friedman-cafs/20230629-Globus/Ruth Scherz-Shouval/1-TNBC/Images/Images/Patient_3_Core_1.tiff
Dataset:name:1-TNBC	/uod/idr/filesets/idr0150-friedman-cafs/20230629-Globus/Ruth Scherz-Shouval/1-TNBC/Images/Images/Patient_18_core_1.tiff
Dataset:name:1-TNBC	/uod/idr/filesets/idr0150-friedman-cafs/20230629-Globus/Ruth Scherz-Shouval/1-TNBC/Images/Images/Patient_21_core_4.tiff
Dataset:name:1-TNBC	/uod/idr/filesets/idr0150-friedman-cafs/20230629-Globus/Ruth Scherz-Shouval/1-TNBC/Images/Images/Patient_46_core_3.tiff
Dataset:name:1-TNBC	/uod/idr/filesets/idr0150-friedman-cafs/20230629-Globus/Ruth Scherz-Shouval/1-TNBC/Images/Images/Patient_31_core_1.tiff
Dataset:name:1-TNBC	/uod/idr/filesets/idr0150-friedman-cafs/20230629-Globus/Ruth Scherz-Shouval/1-TNBC/Images/Images/Patient_29_core_3.tiff
Dataset:name:1-TNBC	/uod/idr/filesets/idr0150-friedman-cafs/20230629-Globus/Ruth Scherz-Shouval/1-TNBC/Images/Images/Patient_46_core_1.tiff
Dataset:name:1-TNBC	/uod/idr/filesets/idr0150-friedman-cafs/20230629-Globus/Ruth Scherz-Shouval/1-TNBC/Images/Images/Patient_49_core_3.tiff
Dataset:name:1-TNBC	/uod/idr/filesets/idr0150-friedman-cafs/20230629-Globus/Ruth Scherz-Shouval/1-TNBC/Images/Images/Patient_4_Core_1.tiff
Dataset:name:1-TNBC	/uod/idr/filesets/idr0150-friedman-cafs/20230629-Globus/Ruth Scherz-Shouval/1-TNBC/Images/Images/Patient_56_core_2.tiff
Dataset:name:1-TNBC	/uod/idr/filesets/idr0150-friedman-cafs/20230629-Globus/Ruth Scherz-Shouval/1-TNBC/Images/Images/Patient_48_core_1.tiff
Dataset:name:1-TNBC	/uod/idr/filesets/idr0150-friedman-cafs/20230629-Globus/Ruth Scherz-Shouval/1-TNBC/Images/Images/Patient_68_core_2.tiff
Dataset:name:1-TNBC	/uod/idr/filesets/idr0150-friedman-cafs/20230629-Globus/Ruth Scherz-Shouval/1-TNBC/Images/Images/Patient_19_core_2.tiff
Dataset:name:1-TNBC	/uod/idr/filesets/idr0150-friedman-cafs/20230629-Globus/Ruth Scherz-Shouval/1-TNBC/Images/Images/Patient_71_core_3.tiff
Dataset:name:1-TNBC	/uod/idr/filesets/idr0150-friedman-cafs/20230629-Globus/Ruth Scherz-Shouval/1-TNBC/Images/Images/Patient_34_core_1.tiff
Dataset:name:1-TNBC	/uod/idr/filesets/idr0150-friedman-cafs/20230629-Globus/Ruth Scherz-Shouval/1-TNBC/Images/Images/Patient_12_core_4.tiff
Dataset:name:1-TNBC	/uod/idr/filesets/idr0150-friedman-cafs/20230629-Globus/Ruth Scherz-Shouval/1-TNBC/Images/Images/Patient_66_core_2.tiff
Dataset:name:1-TNBC	/uod/idr/filesets/idr0150-friedman-cafs/20230629-Globus/Ruth Scherz-Shouval/1-TNBC/Images/Images/Patient_51_core_1.tiff
Dataset:name:1-TNBC	/uod/idr/filesets/idr0150-friedman-cafs/20230629-Globus/Ruth Scherz-Shouval/1-TNBC/Images/Images/Patient_50_core_3.tiff
Dataset:name:1-TNBC	/uod/idr/filesets/idr0150-friedman-cafs/20230629-Globus/Ruth Scherz-Shouval/1-TNBC/Images/Images/Patient_24_core_3.tiff
Dataset:name:1-TNBC	/uod/idr/filesets/idr0150-friedman-cafs/20230629-Globus/Ruth Scherz-Shouval/1-TNBC/Images/Images/Patient_40_core_3.tiff
Dataset:name:1-TNBC	/uod/idr/filesets/idr0150-friedman-cafs/20230629-Globus/Ruth Scherz-Shouval/1-TNBC/Images/Images/Patient_5_Core_3.tiff
Dataset:name:1-TNBC	/uod/idr/filesets/idr0150-friedman-cafs/20230629-Globus/Ruth Scherz-Shouval/1-TNBC/Images/Images/Patient_64_core_2.tiff
Dataset:name:1-TNBC	/uod/idr/filesets/idr0150-friedman-cafs/20230629-Globus/Ruth Scherz-Shouval/1-TNBC/Images/Images/Patient_31_core_3.tiff
Dataset:name:1-TNBC	/uod/idr/filesets/idr0150-friedman-cafs/20230629-Globus/Ruth Scherz-Shouval/1-TNBC/Images/Images/Patient_24_core_2.tiff
Dataset:name:1-TNBC	/uod/idr/filesets/idr0150-friedman-cafs/20230629-Globus/Ruth Scherz-Shouval/1-TNBC/Images/Images/Patient_65_core_1.tiff
Dataset:name:1-TNBC	/uod/idr/filesets/idr0150-friedman-cafs/20230629-Globus/Ruth Scherz-Shouval/1-TNBC/Images/Images/Patient_63_core_2.tiff
Dataset:name:1-TNBC	/uod/idr/filesets/idr0150-friedman-cafs/20230629-Globus/Ruth Scherz-Shouval/1-TNBC/Images/Images/Patient_8_Core_1.tiff
Dataset:name:1-TNBC	/uod/idr/filesets/idr0150-friedman-cafs/20230629-Globus/Ruth Scherz-Shouval/1-TNBC/Images/Images/Patient_36_core_1.tiff
Dataset:name:1-TNBC	/uod/idr/filesets/idr0150-friedman-cafs/20230629-Globus/Ruth Scherz-Shouval/1-TNBC/Images/Images/Patient_56_core_3.tiff
Dataset:name:1-TNBC	/uod/idr/filesets/idr0150-friedman-cafs/20230629-Globus/Ruth Scherz-Shouval/1-TNBC/Images/Images/Patient_76_core_3.tiff
Dataset:name:1-TNBC	/uod/idr/filesets/idr0150-friedman-cafs/20230629-Globus/Ruth Scherz-Shouval/1-TNBC/Images/Images/Patient_3_Core_3.tiff
Dataset:name:1-TNBC	/uod/idr/filesets/idr0150-friedman-cafs/20230629-Globus/Ruth Scherz-Shouval/1-TNBC/Images/Images/Patient_3_core_4.tiff
Dataset:name:1-TNBC	/uod/idr/filesets/idr0150-friedman-cafs/20230629-Globus/Ruth Scherz-Shouval/1-TNBC/Images/Images/Patient_12_core_3.tiff
Dataset:name:1-TNBC	/uod/idr/filesets/idr0150-friedman-cafs/20230629-Globus/Ruth Scherz-Shouval/1-TNBC/Images/Images/Patient_1_Core_1.tiff
Dataset:name:1-TNBC	/uod/idr/filesets/idr0150-friedman-cafs/20230629-Globus/Ruth Scherz-Shouval/1-TNBC/Images/Images/Patient_74_core_3.tiff
Dataset:name:1-TNBC	/uod/idr/filesets/idr0150-friedman-cafs/20230629-Globus/Ruth Scherz-Shouval/1-TNBC/Images/Images/Patient_62_core_3.tiff
Dataset:name:1-TNBC	/uod/idr/filesets/idr0150-friedman-cafs/20230629-Globus/Ruth Scherz-Shouval/1-TNBC/Images/Images/Patient_78_core_3.tiff
Dataset:name:1-TNBC	/uod/idr/filesets/idr0150-friedman-cafs/20230629-Globus/Ruth Scherz-Shouval/1-TNBC/Images/Images/Patient_54_core_2.tiff
Dataset:name:1-TNBC	/uod/idr/filesets/idr0150-friedman-cafs/20230629-Globus/Ruth Scherz-Shouval/1-TNBC/Images/Images/Patient_26_core_3.tiff
Dataset:name:1-TNBC	/uod/idr/filesets/idr0150-friedman-cafs/20230629-Globus/Ruth Scherz-Shouval/1-TNBC/Images/Images/Patient_67_core_1.tiff
Dataset:name:1-TNBC	/uod/idr/filesets/idr0150-friedman-cafs/20230629-Globus/Ruth Scherz-Shouval/1-TNBC/Images/Images/Patient_33_core_2.tiff
Dataset:name:1-TNBC	/uod/idr/filesets/idr0150-friedman-cafs/20230629-Globus/Ruth Scherz-Shouval/1-TNBC/Images/Images/Patient_11_core_1.tiff
Dataset:name:1-TNBC	/uod/idr/filesets/idr0150-friedman-cafs/20230629-Globus/Ruth Scherz-Shouval/1-TNBC/Images/Images/Patient_6_Core_3.tiff
Dataset:name:1-TNBC	/uod/idr/filesets/idr0150-friedman-cafs/20230629-Globus/Ruth Scherz-Shouval/1-TNBC/Images/Images/Patient_50_core_2.tiff
Dataset:name:1-TNBC	/uod/idr/filesets/idr0150-friedman-cafs/20230629-Globus/Ruth Scherz-Shouval/1-TNBC/Images/Images/Patient_64_core_3.tiff
Dataset:name:1-TNBC	/uod/idr/filesets/idr0150-friedman-cafs/20230629-Globus/Ruth Scherz-Shouval/1-TNBC/Images/Images/Patient_65_core_2.tiff
Dataset:name:1-TNBC	/uod/idr/filesets/idr0150-friedman-cafs/20230629-Globus/Ruth Scherz-Shouval/1-TNBC/Images/Images/Patient_1_Core_2.tiff
Dataset:name:1-TNBC	/uod/idr/filesets/idr0150-friedman-cafs/20230629-Globus/Ruth Scherz-Shouval/1-TNBC/Images/Images/Patient_63_core_1.tiff
Dataset:name:1-TNBC	/uod/idr/filesets/idr0150-friedman-cafs/20230629-Globus/Ruth Scherz-Shouval/1-TNBC/Images/Images/Patient_39_core_3.tiff
Dataset:name:1-TNBC	/uod/idr/filesets/idr0150-friedman-cafs/20230629-Globus/Ruth Scherz-Shouval/1-TNBC/Images/Images/Patient_58_core_1.tiff
Dataset:name:1-TNBC	/uod/idr/filesets/idr0150-friedman-cafs/20230629-Globus/Ruth Scherz-Shouval/1-TNBC/Images/Images/Patient_58_core_2.tiff
Dataset:name:1-TNBC	/uod/idr/filesets/idr0150-friedman-cafs/20230629-Globus/Ruth Scherz-Shouval/1-TNBC/Images/Images/Patient_27_core_3.tiff
Dataset:name:1-TNBC	/uod/idr/filesets/idr0150-friedman-cafs/20230629-Globus/Ruth Scherz-Shouval/1-TNBC/Images/Images/Patient_47_core_1.tiff
Dataset:name:1-TNBC	/uod/idr/filesets/idr0150-friedman-cafs/20230629-Globus/Ruth Scherz-Shouval/1-TNBC/Images/Images/Patient_22_core_2.tiff
Dataset:name:1-TNBC	/uod/idr/filesets/idr0150-friedman-cafs/20230629-Globus/Ruth Scherz-Shouval/1-TNBC/Images/Images/Patient_17_core_3.tiff
Dataset:name:1-TNBC	/uod/idr/filesets/idr0150-friedman-cafs/20230629-Globus/Ruth Scherz-Shouval/1-TNBC/Images/Images/Patient_40_core_1.tiff
Dataset:name:1-TNBC	/uod/idr/filesets/idr0150-friedman-cafs/20230629-Globus/Ruth Scherz-Shouval/1-TNBC/Images/Images/Patient_2_Core_3.tiff
Dataset:name:2-METABRIC	/uod/idr/filesets/idr0150-friedman-cafs/20230629-Globus/Ruth Scherz-Shouval/2-METABRIC/Images/MB-0006.tiff
Dataset:name:2-METABRIC	/uod/idr/filesets/idr0150-friedman-cafs/20230629-Globus/Ruth Scherz-Shouval/2-METABRIC/Images/MB-0005.tiff
Dataset:name:2-METABRIC	/uod/idr/filesets/idr0150-friedman-cafs/20230629-Globus/Ruth Scherz-Shouval/2-METABRIC/Images/MB-0002.tiff
Dataset:name:2-METABRIC	/uod/idr/filesets/idr0150-friedman-cafs/20230629-Globus/Ruth Scherz-Shouval/2-METABRIC/Images/MB-0014.tiff
Dataset:name:2-METABRIC	/uod/idr/filesets/idr0150-friedman-cafs/20230629-Globus/Ruth Scherz-Shouval/2-METABRIC/Images/MB-0010.tiff
Dataset:name:2-METABRIC	/uod/idr/filesets/idr0150-friedman-cafs/20230629-Globus/Ruth Scherz-Shouval/2-METABRIC/Images/MB-0008.tiff
Dataset:name:2-METABRIC	/uod/idr/filesets/idr0150-friedman-cafs/20230629-Globus/Ruth Scherz-Shouval/2-METABRIC/Images/MB-0028.tiff
Dataset:name:2-METABRIC	/uod/idr/filesets/idr0150-friedman-cafs/20230629-Globus/Ruth Scherz-Shouval/2-METABRIC/Images/MB-0035.tiff
Dataset:name:2-METABRIC	/uod/idr/filesets/idr0150-friedman-cafs/20230629-Globus/Ruth Scherz-Shouval/2-METABRIC/Images/MB-0036.tiff
Dataset:name:2-METABRIC	/uod/idr/filesets/idr0150-friedman-cafs/20230629-Globus/Ruth Scherz-Shouval/2-METABRIC/Images/MB-0046.tiff
Dataset:name:2-METABRIC	/uod/idr/filesets/idr0150-friedman-cafs/20230629-Globus/Ruth Scherz-Shouval/2-METABRIC/Images/MB-0050.tiff
Dataset:name:2-METABRIC	/uod/idr/filesets/idr0150-friedman-cafs/20230629-Globus/Ruth Scherz-Shouval/2-METABRIC/Images/MB-0053.tiff
Dataset:name:2-METABRIC	/uod/idr/filesets/idr0150-friedman-cafs/20230629-Globus/Ruth Scherz-Shouval/2-METABRIC/Images/MB-0054.tiff
Dataset:name:2-METABRIC	/uod/idr/filesets/idr0150-friedman-cafs/20230629-Globus/Ruth Scherz-Shouval/2-METABRIC/Images/MB-0060.tiff
Dataset:name:2-METABRIC	/uod/idr/filesets/idr0150-friedman-cafs/20230629-Globus/Ruth Scherz-Shouval/2-METABRIC/Images/MB-0068.tiff
Dataset:name:2-METABRIC	/uod/idr/filesets/idr0150-friedman-cafs/20230629-Globus/Ruth Scherz-Shouval/2-METABRIC/Images/MB-0081_core1.tiff
Dataset:name:2-METABRIC	/uod/idr/filesets/idr0150-friedman-cafs/20230629-Globus/Ruth Scherz-Shouval/2-METABRIC/Images/MB-0081_core2.tiff
Dataset:name:2-METABRIC	/uod/idr/filesets/idr0150-friedman-cafs/20230629-Globus/Ruth Scherz-Shouval/2-METABRIC/Images/MB-0083.tiff
Dataset:name:2-METABRIC	/uod/idr/filesets/idr0150-friedman-cafs/20230629-Globus/Ruth Scherz-Shouval/2-METABRIC/Images/MB-0095.tiff
Dataset:name:2-METABRIC	/uod/idr/filesets/idr0150-friedman-cafs/20230629-Globus/Ruth Scherz-Shouval/2-METABRIC/Images/MB-0101.tiff
Dataset:name:2-METABRIC	/uod/idr/filesets/idr0150-friedman-cafs/20230629-Globus/Ruth Scherz-Shouval/2-METABRIC/Images/MB-0097.tiff
Dataset:name:2-METABRIC	/uod/idr/filesets/idr0150-friedman-cafs/20230629-Globus/Ruth Scherz-Shouval/2-METABRIC/Images/MB-0102.tiff
Dataset:name:2-METABRIC	/uod/idr/filesets/idr0150-friedman-cafs/20230629-Globus/Ruth Scherz-Shouval/2-METABRIC/Images/MB-0107.tiff
Dataset:name:2-METABRIC	/uod/idr/filesets/idr0150-friedman-cafs/20230629-Globus/Ruth Scherz-Shouval/2-METABRIC/Images/MB-0109.tiff
Dataset:name:2-METABRIC	/uod/idr/filesets/idr0150-friedman-cafs/20230629-Globus/Ruth Scherz-Shouval/2-METABRIC/Images/MB-0112.tiff
Dataset:name:2-METABRIC	/uod/idr/filesets/idr0150-friedman-cafs/20230629-Globus/Ruth Scherz-Shouval/2-METABRIC/Images/MB-0114.tiff
Dataset:name:2-METABRIC	/uod/idr/filesets/idr0150-friedman-cafs/20230629-Globus/Ruth Scherz-Shouval/2-METABRIC/Images/MB-0117.tiff
Dataset:name:2-METABRIC	/uod/idr/filesets/idr0150-friedman-cafs/20230629-Globus/Ruth Scherz-Shouval/2-METABRIC/Images/MB-0119.tiff
Dataset:name:2-METABRIC	/uod/idr/filesets/idr0150-friedman-cafs/20230629-Globus/Ruth Scherz-Shouval/2-METABRIC/Images/MB-0121.tiff
Dataset:name:2-METABRIC	/uod/idr/filesets/idr0150-friedman-cafs/20230629-Globus/Ruth Scherz-Shouval/2-METABRIC/Images/MB-0123.tiff
Dataset:name:2-METABRIC	/uod/idr/filesets/idr0150-friedman-cafs/20230629-Globus/Ruth Scherz-Shouval/2-METABRIC/Images/MB-0128.tiff
Dataset:name:2-METABRIC	/uod/idr/filesets/idr0150-friedman-cafs/20230629-Globus/Ruth Scherz-Shouval/2-METABRIC/Images/MB-0130.tiff
Dataset:name:2-METABRIC	/uod/idr/filesets/idr0150-friedman-cafs/20230629-Globus/Ruth Scherz-Shouval/2-METABRIC/Images/MB-0135.tiff
Dataset:name:2-METABRIC	/uod/idr/filesets/idr0150-friedman-cafs/20230629-Globus/Ruth Scherz-Shouval/2-METABRIC/Images/MB-0134.tiff
Dataset:name:2-METABRIC	/uod/idr/filesets/idr0150-friedman-cafs/20230629-Globus/Ruth Scherz-Shouval/2-METABRIC/Images/MB-0136.tiff
Dataset:name:2-METABRIC	/uod/idr/filesets/idr0150-friedman-cafs/20230629-Globus/Ruth Scherz-Shouval/2-METABRIC/Images/MB-0143.tiff
Dataset:name:2-METABRIC	/uod/idr/filesets/idr0150-friedman-cafs/20230629-Globus/Ruth Scherz-Shouval/2-METABRIC/Images/MB-0144.tiff
Dataset:name:2-METABRIC	/uod/idr/filesets/idr0150-friedman-cafs/20230629-Globus/Ruth Scherz-Shouval/2-METABRIC/Images/MB-0145.tiff
Dataset:name:2-METABRIC	/uod/idr/filesets/idr0150-friedman-cafs/20230629-Globus/Ruth Scherz-Shouval/2-METABRIC/Images/MB-0150.tiff
Dataset:name:2-METABRIC	/uod/idr/filesets/idr0150-friedman-cafs/20230629-Globus/Ruth Scherz-Shouval/2-METABRIC/Images/MB-0163.tiff
Dataset:name:2-METABRIC	/uod/idr/filesets/idr0150-friedman-cafs/20230629-Globus/Ruth Scherz-Shouval/2-METABRIC/Images/MB-0164.tiff
Dataset:name:2-METABRIC	/uod/idr/filesets/idr0150-friedman-cafs/20230629-Globus/Ruth Scherz-Shouval/2-METABRIC/Images/MB-0165_core1.tiff
Dataset:name:2-METABRIC	/uod/idr/filesets/idr0150-friedman-cafs/20230629-Globus/Ruth Scherz-Shouval/2-METABRIC/Images/MB-0165_core2.tiff
Dataset:name:2-METABRIC	/uod/idr/filesets/idr0150-friedman-cafs/20230629-Globus/Ruth Scherz-Shouval/2-METABRIC/Images/MB-0166.tiff
Dataset:name:2-METABRIC	/uod/idr/filesets/idr0150-friedman-cafs/20230629-Globus/Ruth Scherz-Shouval/2-METABRIC/Images/MB-0170.tiff
Dataset:name:2-METABRIC	/uod/idr/filesets/idr0150-friedman-cafs/20230629-Globus/Ruth Scherz-Shouval/2-METABRIC/Images/MB-0167.tiff
Dataset:name:2-METABRIC	/uod/idr/filesets/idr0150-friedman-cafs/20230629-Globus/Ruth Scherz-Shouval/2-METABRIC/Images/MB-0173.tiff
Dataset:name:2-METABRIC	/uod/idr/filesets/idr0150-friedman-cafs/20230629-Globus/Ruth Scherz-Shouval/2-METABRIC/Images/MB-0174.tiff
Dataset:name:2-METABRIC	/uod/idr/filesets/idr0150-friedman-cafs/20230629-Globus/Ruth Scherz-Shouval/2-METABRIC/Images/MB-0178.tiff
Dataset:name:2-METABRIC	/uod/idr/filesets/idr0150-friedman-cafs/20230629-Globus/Ruth Scherz-Shouval/2-METABRIC/Images/MB-0179.tiff
Dataset:name:2-METABRIC	/uod/idr/filesets/idr0150-friedman-cafs/20230629-Globus/Ruth Scherz-Shouval/2-METABRIC/Images/MB-0180.tiff
Dataset:name:2-METABRIC	/uod/idr/filesets/idr0150-friedman-cafs/20230629-Globus/Ruth Scherz-Shouval/2-METABRIC/Images/MB-0184.tiff
Dataset:name:2-METABRIC	/uod/idr/filesets/idr0150-friedman-cafs/20230629-Globus/Ruth Scherz-Shouval/2-METABRIC/Images/MB-0188.tiff
Dataset:name:2-METABRIC	/uod/idr/filesets/idr0150-friedman-cafs/20230629-Globus/Ruth Scherz-Shouval/2-METABRIC/Images/MB-0191.tiff
Dataset:name:2-METABRIC	/uod/idr/filesets/idr0150-friedman-cafs/20230629-Globus/Ruth Scherz-Shouval/2-METABRIC/Images/MB-0192.tiff
Dataset:name:2-METABRIC	/uod/idr/filesets/idr0150-friedman-cafs/20230629-Globus/Ruth Scherz-Shouval/2-METABRIC/Images/MB-0193.tiff
Dataset:name:2-METABRIC	/uod/idr/filesets/idr0150-friedman-cafs/20230629-Globus/Ruth Scherz-Shouval/2-METABRIC/Images/MB-0194.tiff
Dataset:name:2-METABRIC	/uod/idr/filesets/idr0150-friedman-cafs/20230629-Globus/Ruth Scherz-Shouval/2-METABRIC/Images/MB-0195.tiff
Dataset:name:2-METABRIC	/uod/idr/filesets/idr0150-friedman-cafs/20230629-Globus/Ruth Scherz-Shouval/2-METABRIC/Images/MB-0198.tiff
Dataset:name:2-METABRIC	/uod/idr/filesets/idr0150-friedman-cafs/20230629-Globus/Ruth Scherz-Shouval/2-METABRIC/Images/MB-0200.tiff
Dataset:name:2-METABRIC	/uod/idr/filesets/idr0150-friedman-cafs/20230629-Globus/Ruth Scherz-Shouval/2-METABRIC/Images/MB-0201.tiff
Dataset:name:2-METABRIC	/uod/idr/filesets/idr0150-friedman-cafs/20230629-Globus/Ruth Scherz-Shouval/2-METABRIC/Images/MB-0202.tiff
Dataset:name:2-METABRIC	/uod/idr/filesets/idr0150-friedman-cafs/20230629-Globus/Ruth Scherz-Shouval/2-METABRIC/Images/MB-0203.tiff
Dataset:name:2-METABRIC	/uod/idr/filesets/idr0150-friedman-cafs/20230629-Globus/Ruth Scherz-Shouval/2-METABRIC/Images/MB-0205.tiff
Dataset:name:2-METABRIC	/uod/idr/filesets/idr0150-friedman-cafs/20230629-Globus/Ruth Scherz-Shouval/2-METABRIC/Images/MB-0206.tiff
Dataset:name:2-METABRIC	/uod/idr/filesets/idr0150-friedman-cafs/20230629-Globus/Ruth Scherz-Shouval/2-METABRIC/Images/MB-0207_core1.tiff
Dataset:name:2-METABRIC	/uod/idr/filesets/idr0150-friedman-cafs/20230629-Globus/Ruth Scherz-Shouval/2-METABRIC/Images/MB-0207_core2.tiff
Dataset:name:2-METABRIC	/uod/idr/filesets/idr0150-friedman-cafs/20230629-Globus/Ruth Scherz-Shouval/2-METABRIC/Images/MB-0211.tiff
Dataset:name:2-METABRIC	/uod/idr/filesets/idr0150-friedman-cafs/20230629-Globus/Ruth Scherz-Shouval/2-METABRIC/Images/MB-0220.tiff
Dataset:name:2-METABRIC	/uod/idr/filesets/idr0150-friedman-cafs/20230629-Globus/Ruth Scherz-Shouval/2-METABRIC/Images/MB-0222.tiff
Dataset:name:2-METABRIC	/uod/idr/filesets/idr0150-friedman-cafs/20230629-Globus/Ruth Scherz-Shouval/2-METABRIC/Images/MB-0223.tiff
Dataset:name:2-METABRIC	/uod/idr/filesets/idr0150-friedman-cafs/20230629-Globus/Ruth Scherz-Shouval/2-METABRIC/Images/MB-0224.tiff
Dataset:name:2-METABRIC	/uod/idr/filesets/idr0150-friedman-cafs/20230629-Globus/Ruth Scherz-Shouval/2-METABRIC/Images/MB-0225.tiff
Dataset:name:2-METABRIC	/uod/idr/filesets/idr0150-friedman-cafs/20230629-Globus/Ruth Scherz-Shouval/2-METABRIC/Images/MB-0226.tiff
Dataset:name:2-METABRIC	/uod/idr/filesets/idr0150-friedman-cafs/20230629-Globus/Ruth Scherz-Shouval/2-METABRIC/Images/MB-0227.tiff
Dataset:name:2-METABRIC	/uod/idr/filesets/idr0150-friedman-cafs/20230629-Globus/Ruth Scherz-Shouval/2-METABRIC/Images/MB-0229.tiff
Dataset:name:2-METABRIC	/uod/idr/filesets/idr0150-friedman-cafs/20230629-Globus/Ruth Scherz-Shouval/2-METABRIC/Images/MB-0232.tiff
Dataset:name:2-METABRIC	/uod/idr/filesets/idr0150-friedman-cafs/20230629-Globus/Ruth Scherz-Shouval/2-METABRIC/Images/MB-0233.tiff
Dataset:name:2-METABRIC	/uod/idr/filesets/idr0150-friedman-cafs/20230629-Globus/Ruth Scherz-Shouval/2-METABRIC/Images/MB-0235.tiff
Dataset:name:2-METABRIC	/uod/idr/filesets/idr0150-friedman-cafs/20230629-Globus/Ruth Scherz-Shouval/2-METABRIC/Images/MB-0234.tiff
Dataset:name:2-METABRIC	/uod/idr/filesets/idr0150-friedman-cafs/20230629-Globus/Ruth Scherz-Shouval/2-METABRIC/Images/MB-0236.tiff
Dataset:name:2-METABRIC	/uod/idr/filesets/idr0150-friedman-cafs/20230629-Globus/Ruth Scherz-Shouval/2-METABRIC/Images/MB-0239.tiff
Dataset:name:2-METABRIC	/uod/idr/filesets/idr0150-friedman-cafs/20230629-Globus/Ruth Scherz-Shouval/2-METABRIC/Images/MB-0243.tiff
Dataset:name:2-METABRIC	/uod/idr/filesets/idr0150-friedman-cafs/20230629-Globus/Ruth Scherz-Shouval/2-METABRIC/Images/MB-0245.tiff
Dataset:name:2-METABRIC	/uod/idr/filesets/idr0150-friedman-cafs/20230629-Globus/Ruth Scherz-Shouval/2-METABRIC/Images/MB-0247.tiff
Dataset:name:2-METABRIC	/uod/idr/filesets/idr0150-friedman-cafs/20230629-Globus/Ruth Scherz-Shouval/2-METABRIC/Images/MB-0248.tiff
Dataset:name:2-METABRIC	/uod/idr/filesets/idr0150-friedman-cafs/20230629-Globus/Ruth Scherz-Shouval/2-METABRIC/Images/MB-0256.tiff
Dataset:name:2-METABRIC	/uod/idr/filesets/idr0150-friedman-cafs/20230629-Globus/Ruth Scherz-Shouval/2-METABRIC/Images/MB-0258.tiff
Dataset:name:2-METABRIC	/uod/idr/filesets/idr0150-friedman-cafs/20230629-Globus/Ruth Scherz-Shouval/2-METABRIC/Images/MB-0260_core1.tiff
Dataset:name:2-METABRIC	/uod/idr/filesets/idr0150-friedman-cafs/20230629-Globus/Ruth Scherz-Shouval/2-METABRIC/Images/MB-0260_core2.tiff
Dataset:name:2-METABRIC	/uod/idr/filesets/idr0150-friedman-cafs/20230629-Globus/Ruth Scherz-Shouval/2-METABRIC/Images/MB-0261.tiff
Dataset:name:2-METABRIC	/uod/idr/filesets/idr0150-friedman-cafs/20230629-Globus/Ruth Scherz-Shouval/2-METABRIC/Images/MB-0262.tiff
Dataset:name:2-METABRIC	/uod/idr/filesets/idr0150-friedman-cafs/20230629-Globus/Ruth Scherz-Shouval/2-METABRIC/Images/MB-0263.tiff
Dataset:name:2-METABRIC	/uod/idr/filesets/idr0150-friedman-cafs/20230629-Globus/Ruth Scherz-Shouval/2-METABRIC/Images/MB-0264.tiff
Dataset:name:2-METABRIC	/uod/idr/filesets/idr0150-friedman-cafs/20230629-Globus/Ruth Scherz-Shouval/2-METABRIC/Images/MB-0269.tiff
Dataset:name:2-METABRIC	/uod/idr/filesets/idr0150-friedman-cafs/20230629-Globus/Ruth Scherz-Shouval/2-METABRIC/Images/MB-0270.tiff
Dataset:name:2-METABRIC	/uod/idr/filesets/idr0150-friedman-cafs/20230629-Globus/Ruth Scherz-Shouval/2-METABRIC/Images/MB-0278.tiff
Dataset:name:2-METABRIC	/uod/idr/filesets/idr0150-friedman-cafs/20230629-Globus/Ruth Scherz-Shouval/2-METABRIC/Images/MB-0279.tiff
Dataset:name:2-METABRIC	/uod/idr/filesets/idr0150-friedman-cafs/20230629-Globus/Ruth Scherz-Shouval/2-METABRIC/Images/MB-0282.tiff
Dataset:name:2-METABRIC	/uod/idr/filesets/idr0150-friedman-cafs/20230629-Globus/Ruth Scherz-Shouval/2-METABRIC/Images/MB-0272.tiff
Dataset:name:2-METABRIC	/uod/idr/filesets/idr0150-friedman-cafs/20230629-Globus/Ruth Scherz-Shouval/2-METABRIC/Images/MB-0285.tiff
Dataset:name:2-METABRIC	/uod/idr/filesets/idr0150-friedman-cafs/20230629-Globus/Ruth Scherz-Shouval/2-METABRIC/Images/MB-0286.tiff
Dataset:name:2-METABRIC	/uod/idr/filesets/idr0150-friedman-cafs/20230629-Globus/Ruth Scherz-Shouval/2-METABRIC/Images/MB-0287.tiff
Dataset:name:2-METABRIC	/uod/idr/filesets/idr0150-friedman-cafs/20230629-Globus/Ruth Scherz-Shouval/2-METABRIC/Images/MB-0289.tiff
Dataset:name:2-METABRIC	/uod/idr/filesets/idr0150-friedman-cafs/20230629-Globus/Ruth Scherz-Shouval/2-METABRIC/Images/MB-0291.tiff
Dataset:name:2-METABRIC	/uod/idr/filesets/idr0150-friedman-cafs/20230629-Globus/Ruth Scherz-Shouval/2-METABRIC/Images/MB-0292.tiff
Dataset:name:2-METABRIC	/uod/idr/filesets/idr0150-friedman-cafs/20230629-Globus/Ruth Scherz-Shouval/2-METABRIC/Images/MB-0290.tiff
Dataset:name:2-METABRIC	/uod/idr/filesets/idr0150-friedman-cafs/20230629-Globus/Ruth Scherz-Shouval/2-METABRIC/Images/MB-0294.tiff
Dataset:name:2-METABRIC	/uod/idr/filesets/idr0150-friedman-cafs/20230629-Globus/Ruth Scherz-Shouval/2-METABRIC/Images/MB-0301.tiff
Dataset:name:2-METABRIC	/uod/idr/filesets/idr0150-friedman-cafs/20230629-Globus/Ruth Scherz-Shouval/2-METABRIC/Images/MB-0304.tiff
Dataset:name:2-METABRIC	/uod/idr/filesets/idr0150-friedman-cafs/20230629-Globus/Ruth Scherz-Shouval/2-METABRIC/Images/MB-0302.tiff
Dataset:name:2-METABRIC	/uod/idr/filesets/idr0150-friedman-cafs/20230629-Globus/Ruth Scherz-Shouval/2-METABRIC/Images/MB-0305.tiff
Dataset:name:2-METABRIC	/uod/idr/filesets/idr0150-friedman-cafs/20230629-Globus/Ruth Scherz-Shouval/2-METABRIC/Images/MB-0307.tiff
Dataset:name:2-METABRIC	/uod/idr/filesets/idr0150-friedman-cafs/20230629-Globus/Ruth Scherz-Shouval/2-METABRIC/Images/MB-0306.tiff
Dataset:name:2-METABRIC	/uod/idr/filesets/idr0150-friedman-cafs/20230629-Globus/Ruth Scherz-Shouval/2-METABRIC/Images/MB-0309.tiff
Dataset:name:2-METABRIC	/uod/idr/filesets/idr0150-friedman-cafs/20230629-Globus/Ruth Scherz-Shouval/2-METABRIC/Images/MB-0311.tiff
Dataset:name:2-METABRIC	/uod/idr/filesets/idr0150-friedman-cafs/20230629-Globus/Ruth Scherz-Shouval/2-METABRIC/Images/MB-0313.tiff
Dataset:name:2-METABRIC	/uod/idr/filesets/idr0150-friedman-cafs/20230629-Globus/Ruth Scherz-Shouval/2-METABRIC/Images/MB-0314.tiff
Dataset:name:2-METABRIC	/uod/idr/filesets/idr0150-friedman-cafs/20230629-Globus/Ruth Scherz-Shouval/2-METABRIC/Images/MB-0316.tiff
Dataset:name:2-METABRIC	/uod/idr/filesets/idr0150-friedman-cafs/20230629-Globus/Ruth Scherz-Shouval/2-METABRIC/Images/MB-0317.tiff
Dataset:name:2-METABRIC	/uod/idr/filesets/idr0150-friedman-cafs/20230629-Globus/Ruth Scherz-Shouval/2-METABRIC/Images/MB-0318.tiff
Dataset:name:2-METABRIC	/uod/idr/filesets/idr0150-friedman-cafs/20230629-Globus/Ruth Scherz-Shouval/2-METABRIC/Images/MB-0319.tiff
Dataset:name:2-METABRIC	/uod/idr/filesets/idr0150-friedman-cafs/20230629-Globus/Ruth Scherz-Shouval/2-METABRIC/Images/MB-0324.tiff
Dataset:name:2-METABRIC	/uod/idr/filesets/idr0150-friedman-cafs/20230629-Globus/Ruth Scherz-Shouval/2-METABRIC/Images/MB-0336.tiff
Dataset:name:2-METABRIC	/uod/idr/filesets/idr0150-friedman-cafs/20230629-Globus/Ruth Scherz-Shouval/2-METABRIC/Images/MB-0339.tiff
Dataset:name:2-METABRIC	/uod/idr/filesets/idr0150-friedman-cafs/20230629-Globus/Ruth Scherz-Shouval/2-METABRIC/Images/MB-0340.tiff
Dataset:name:2-METABRIC	/uod/idr/filesets/idr0150-friedman-cafs/20230629-Globus/Ruth Scherz-Shouval/2-METABRIC/Images/MB-0343.tiff
Dataset:name:2-METABRIC	/uod/idr/filesets/idr0150-friedman-cafs/20230629-Globus/Ruth Scherz-Shouval/2-METABRIC/Images/MB-0345.tiff
Dataset:name:2-METABRIC	/uod/idr/filesets/idr0150-friedman-cafs/20230629-Globus/Ruth Scherz-Shouval/2-METABRIC/Images/MB-0346.tiff
Dataset:name:2-METABRIC	/uod/idr/filesets/idr0150-friedman-cafs/20230629-Globus/Ruth Scherz-Shouval/2-METABRIC/Images/MB-0348.tiff
Dataset:name:2-METABRIC	/uod/idr/filesets/idr0150-friedman-cafs/20230629-Globus/Ruth Scherz-Shouval/2-METABRIC/Images/MB-0349.tiff
Dataset:name:2-METABRIC	/uod/idr/filesets/idr0150-friedman-cafs/20230629-Globus/Ruth Scherz-Shouval/2-METABRIC/Images/MB-0352.tiff
Dataset:name:2-METABRIC	/uod/idr/filesets/idr0150-friedman-cafs/20230629-Globus/Ruth Scherz-Shouval/2-METABRIC/Images/MB-0353.tiff
Dataset:name:2-METABRIC	/uod/idr/filesets/idr0150-friedman-cafs/20230629-Globus/Ruth Scherz-Shouval/2-METABRIC/Images/MB-0354.tiff
Dataset:name:2-METABRIC	/uod/idr/filesets/idr0150-friedman-cafs/20230629-Globus/Ruth Scherz-Shouval/2-METABRIC/Images/MB-0356.tiff
Dataset:name:2-METABRIC	/uod/idr/filesets/idr0150-friedman-cafs/20230629-Globus/Ruth Scherz-Shouval/2-METABRIC/Images/MB-0358.tiff
Dataset:name:2-METABRIC	/uod/idr/filesets/idr0150-friedman-cafs/20230629-Globus/Ruth Scherz-Shouval/2-METABRIC/Images/MB-0359.tiff
Dataset:name:2-METABRIC	/uod/idr/filesets/idr0150-friedman-cafs/20230629-Globus/Ruth Scherz-Shouval/2-METABRIC/Images/MB-0360.tiff
Dataset:name:2-METABRIC	/uod/idr/filesets/idr0150-friedman-cafs/20230629-Globus/Ruth Scherz-Shouval/2-METABRIC/Images/MB-0361_core1.tiff
Dataset:name:2-METABRIC	/uod/idr/filesets/idr0150-friedman-cafs/20230629-Globus/Ruth Scherz-Shouval/2-METABRIC/Images/MB-0361_core2.tiff
Dataset:name:2-METABRIC	/uod/idr/filesets/idr0150-friedman-cafs/20230629-Globus/Ruth Scherz-Shouval/2-METABRIC/Images/MB-0362.tiff
Dataset:name:2-METABRIC	/uod/idr/filesets/idr0150-friedman-cafs/20230629-Globus/Ruth Scherz-Shouval/2-METABRIC/Images/MB-0363.tiff
Dataset:name:2-METABRIC	/uod/idr/filesets/idr0150-friedman-cafs/20230629-Globus/Ruth Scherz-Shouval/2-METABRIC/Images/MB-0366.tiff
Dataset:name:2-METABRIC	/uod/idr/filesets/idr0150-friedman-cafs/20230629-Globus/Ruth Scherz-Shouval/2-METABRIC/Images/MB-0367.tiff
Dataset:name:2-METABRIC	/uod/idr/filesets/idr0150-friedman-cafs/20230629-Globus/Ruth Scherz-Shouval/2-METABRIC/Images/MB-0368.tiff
Dataset:name:2-METABRIC	/uod/idr/filesets/idr0150-friedman-cafs/20230629-Globus/Ruth Scherz-Shouval/2-METABRIC/Images/MB-0369.tiff
Dataset:name:2-METABRIC	/uod/idr/filesets/idr0150-friedman-cafs/20230629-Globus/Ruth Scherz-Shouval/2-METABRIC/Images/MB-0370.tiff
Dataset:name:2-METABRIC	/uod/idr/filesets/idr0150-friedman-cafs/20230629-Globus/Ruth Scherz-Shouval/2-METABRIC/Images/MB-0371.tiff
Dataset:name:2-METABRIC	/uod/idr/filesets/idr0150-friedman-cafs/20230629-Globus/Ruth Scherz-Shouval/2-METABRIC/Images/MB-0373.tiff
Dataset:name:2-METABRIC	/uod/idr/filesets/idr0150-friedman-cafs/20230629-Globus/Ruth Scherz-Shouval/2-METABRIC/Images/MB-0372.tiff
Dataset:name:2-METABRIC	/uod/idr/filesets/idr0150-friedman-cafs/20230629-Globus/Ruth Scherz-Shouval/2-METABRIC/Images/MB-0375.tiff
Dataset:name:2-METABRIC	/uod/idr/filesets/idr0150-friedman-cafs/20230629-Globus/Ruth Scherz-Shouval/2-METABRIC/Images/MB-0378.tiff
Dataset:name:2-METABRIC	/uod/idr/filesets/idr0150-friedman-cafs/20230629-Globus/Ruth Scherz-Shouval/2-METABRIC/Images/MB-0380.tiff
Dataset:name:2-METABRIC	/uod/idr/filesets/idr0150-friedman-cafs/20230629-Globus/Ruth Scherz-Shouval/2-METABRIC/Images/MB-0379.tiff
Dataset:name:2-METABRIC	/uod/idr/filesets/idr0150-friedman-cafs/20230629-Globus/Ruth Scherz-Shouval/2-METABRIC/Images/MB-0383.tiff
Dataset:name:2-METABRIC	/uod/idr/filesets/idr0150-friedman-cafs/20230629-Globus/Ruth Scherz-Shouval/2-METABRIC/Images/MB-0384.tiff
Dataset:name:2-METABRIC	/uod/idr/filesets/idr0150-friedman-cafs/20230629-Globus/Ruth Scherz-Shouval/2-METABRIC/Images/MB-0385.tiff
Dataset:name:2-METABRIC	/uod/idr/filesets/idr0150-friedman-cafs/20230629-Globus/Ruth Scherz-Shouval/2-METABRIC/Images/MB-0388.tiff
Dataset:name:2-METABRIC	/uod/idr/filesets/idr0150-friedman-cafs/20230629-Globus/Ruth Scherz-Shouval/2-METABRIC/Images/MB-0389.tiff
Dataset:name:2-METABRIC	/uod/idr/filesets/idr0150-friedman-cafs/20230629-Globus/Ruth Scherz-Shouval/2-METABRIC/Images/MB-0391.tiff
Dataset:name:2-METABRIC	/uod/idr/filesets/idr0150-friedman-cafs/20230629-Globus/Ruth Scherz-Shouval/2-METABRIC/Images/MB-0393.tiff
Dataset:name:2-METABRIC	/uod/idr/filesets/idr0150-friedman-cafs/20230629-Globus/Ruth Scherz-Shouval/2-METABRIC/Images/MB-0394.tiff
Dataset:name:2-METABRIC	/uod/idr/filesets/idr0150-friedman-cafs/20230629-Globus/Ruth Scherz-Shouval/2-METABRIC/Images/MB-0395.tiff
Dataset:name:2-METABRIC	/uod/idr/filesets/idr0150-friedman-cafs/20230629-Globus/Ruth Scherz-Shouval/2-METABRIC/Images/MB-0396.tiff
Dataset:name:2-METABRIC	/uod/idr/filesets/idr0150-friedman-cafs/20230629-Globus/Ruth Scherz-Shouval/2-METABRIC/Images/MB-0397.tiff
Dataset:name:2-METABRIC	/uod/idr/filesets/idr0150-friedman-cafs/20230629-Globus/Ruth Scherz-Shouval/2-METABRIC/Images/MB-0398.tiff
Dataset:name:2-METABRIC	/uod/idr/filesets/idr0150-friedman-cafs/20230629-Globus/Ruth Scherz-Shouval/2-METABRIC/Images/MB-0399.tiff
Dataset:name:2-METABRIC	/uod/idr/filesets/idr0150-friedman-cafs/20230629-Globus/Ruth Scherz-Shouval/2-METABRIC/Images/MB-0401.tiff
Dataset:name:2-METABRIC	/uod/idr/filesets/idr0150-friedman-cafs/20230629-Globus/Ruth Scherz-Shouval/2-METABRIC/Images/MB-0400.tiff
Dataset:name:2-METABRIC	/uod/idr/filesets/idr0150-friedman-cafs/20230629-Globus/Ruth Scherz-Shouval/2-METABRIC/Images/MB-0410.tiff
Dataset:name:2-METABRIC	/uod/idr/filesets/idr0150-friedman-cafs/20230629-Globus/Ruth Scherz-Shouval/2-METABRIC/Images/MB-0411.tiff
Dataset:name:2-METABRIC	/uod/idr/filesets/idr0150-friedman-cafs/20230629-Globus/Ruth Scherz-Shouval/2-METABRIC/Images/MB-0412.tiff
Dataset:name:2-METABRIC	/uod/idr/filesets/idr0150-friedman-cafs/20230629-Globus/Ruth Scherz-Shouval/2-METABRIC/Images/MB-0413.tiff
Dataset:name:2-METABRIC	/uod/idr/filesets/idr0150-friedman-cafs/20230629-Globus/Ruth Scherz-Shouval/2-METABRIC/Images/MB-0414.tiff
Dataset:name:2-METABRIC	/uod/idr/filesets/idr0150-friedman-cafs/20230629-Globus/Ruth Scherz-Shouval/2-METABRIC/Images/MB-0419.tiff
Dataset:name:2-METABRIC	/uod/idr/filesets/idr0150-friedman-cafs/20230629-Globus/Ruth Scherz-Shouval/2-METABRIC/Images/MB-0421.tiff
Dataset:name:2-METABRIC	/uod/idr/filesets/idr0150-friedman-cafs/20230629-Globus/Ruth Scherz-Shouval/2-METABRIC/Images/MB-0422.tiff
Dataset:name:2-METABRIC	/uod/idr/filesets/idr0150-friedman-cafs/20230629-Globus/Ruth Scherz-Shouval/2-METABRIC/Images/MB-0425.tiff
Dataset:name:2-METABRIC	/uod/idr/filesets/idr0150-friedman-cafs/20230629-Globus/Ruth Scherz-Shouval/2-METABRIC/Images/MB-0426.tiff
Dataset:name:2-METABRIC	/uod/idr/filesets/idr0150-friedman-cafs/20230629-Globus/Ruth Scherz-Shouval/2-METABRIC/Images/MB-0428.tiff
Dataset:name:2-METABRIC	/uod/idr/filesets/idr0150-friedman-cafs/20230629-Globus/Ruth Scherz-Shouval/2-METABRIC/Images/MB-0431.tiff
Dataset:name:2-METABRIC	/uod/idr/filesets/idr0150-friedman-cafs/20230629-Globus/Ruth Scherz-Shouval/2-METABRIC/Images/MB-0434.tiff
Dataset:name:2-METABRIC	/uod/idr/filesets/idr0150-friedman-cafs/20230629-Globus/Ruth Scherz-Shouval/2-METABRIC/Images/MB-0429.tiff
Dataset:name:2-METABRIC	/uod/idr/filesets/idr0150-friedman-cafs/20230629-Globus/Ruth Scherz-Shouval/2-METABRIC/Images/MB-0436.tiff
Dataset:name:2-METABRIC	/uod/idr/filesets/idr0150-friedman-cafs/20230629-Globus/Ruth Scherz-Shouval/2-METABRIC/Images/MB-0437.tiff
Dataset:name:2-METABRIC	/uod/idr/filesets/idr0150-friedman-cafs/20230629-Globus/Ruth Scherz-Shouval/2-METABRIC/Images/MB-0438.tiff
Dataset:name:2-METABRIC	/uod/idr/filesets/idr0150-friedman-cafs/20230629-Globus/Ruth Scherz-Shouval/2-METABRIC/Images/MB-0439.tiff
Dataset:name:2-METABRIC	/uod/idr/filesets/idr0150-friedman-cafs/20230629-Globus/Ruth Scherz-Shouval/2-METABRIC/Images/MB-0440.tiff
Dataset:name:2-METABRIC	/uod/idr/filesets/idr0150-friedman-cafs/20230629-Globus/Ruth Scherz-Shouval/2-METABRIC/Images/MB-0442.tiff
Dataset:name:2-METABRIC	/uod/idr/filesets/idr0150-friedman-cafs/20230629-Globus/Ruth Scherz-Shouval/2-METABRIC/Images/MB-0446.tiff
Dataset:name:2-METABRIC	/uod/idr/filesets/idr0150-friedman-cafs/20230629-Globus/Ruth Scherz-Shouval/2-METABRIC/Images/MB-0443.tiff
Dataset:name:2-METABRIC	/uod/idr/filesets/idr0150-friedman-cafs/20230629-Globus/Ruth Scherz-Shouval/2-METABRIC/Images/MB-0451.tiff
Dataset:name:2-METABRIC	/uod/idr/filesets/idr0150-friedman-cafs/20230629-Globus/Ruth Scherz-Shouval/2-METABRIC/Images/MB-0455.tiff
Dataset:name:2-METABRIC	/uod/idr/filesets/idr0150-friedman-cafs/20230629-Globus/Ruth Scherz-Shouval/2-METABRIC/Images/MB-0453.tiff
Dataset:name:2-METABRIC	/uod/idr/filesets/idr0150-friedman-cafs/20230629-Globus/Ruth Scherz-Shouval/2-METABRIC/Images/MB-0463.tiff
Dataset:name:2-METABRIC	/uod/idr/filesets/idr0150-friedman-cafs/20230629-Globus/Ruth Scherz-Shouval/2-METABRIC/Images/MB-0459.tiff
Dataset:name:2-METABRIC	/uod/idr/filesets/idr0150-friedman-cafs/20230629-Globus/Ruth Scherz-Shouval/2-METABRIC/Images/MB-0464.tiff
Dataset:name:2-METABRIC	/uod/idr/filesets/idr0150-friedman-cafs/20230629-Globus/Ruth Scherz-Shouval/2-METABRIC/Images/MB-0465.tiff
Dataset:name:2-METABRIC	/uod/idr/filesets/idr0150-friedman-cafs/20230629-Globus/Ruth Scherz-Shouval/2-METABRIC/Images/MB-0467.tiff
Dataset:name:2-METABRIC	/uod/idr/filesets/idr0150-friedman-cafs/20230629-Globus/Ruth Scherz-Shouval/2-METABRIC/Images/MB-0469.tiff
Dataset:name:2-METABRIC	/uod/idr/filesets/idr0150-friedman-cafs/20230629-Globus/Ruth Scherz-Shouval/2-METABRIC/Images/MB-0474.tiff
Dataset:name:2-METABRIC	/uod/idr/filesets/idr0150-friedman-cafs/20230629-Globus/Ruth Scherz-Shouval/2-METABRIC/Images/MB-0475.tiff
Dataset:name:2-METABRIC	/uod/idr/filesets/idr0150-friedman-cafs/20230629-Globus/Ruth Scherz-Shouval/2-METABRIC/Images/MB-0476.tiff
Dataset:name:2-METABRIC	/uod/idr/filesets/idr0150-friedman-cafs/20230629-Globus/Ruth Scherz-Shouval/2-METABRIC/Images/MB-0480.tiff
Dataset:name:2-METABRIC	/uod/idr/filesets/idr0150-friedman-cafs/20230629-Globus/Ruth Scherz-Shouval/2-METABRIC/Images/MB-0483.tiff
Dataset:name:2-METABRIC	/uod/idr/filesets/idr0150-friedman-cafs/20230629-Globus/Ruth Scherz-Shouval/2-METABRIC/Images/MB-0484.tiff
Dataset:name:2-METABRIC	/uod/idr/filesets/idr0150-friedman-cafs/20230629-Globus/Ruth Scherz-Shouval/2-METABRIC/Images/MB-0485.tiff
Dataset:name:2-METABRIC	/uod/idr/filesets/idr0150-friedman-cafs/20230629-Globus/Ruth Scherz-Shouval/2-METABRIC/Images/MB-0486.tiff
Dataset:name:2-METABRIC	/uod/idr/filesets/idr0150-friedman-cafs/20230629-Globus/Ruth Scherz-Shouval/2-METABRIC/Images/MB-0487.tiff
Dataset:name:2-METABRIC	/uod/idr/filesets/idr0150-friedman-cafs/20230629-Globus/Ruth Scherz-Shouval/2-METABRIC/Images/MB-0491.tiff
Dataset:name:2-METABRIC	/uod/idr/filesets/idr0150-friedman-cafs/20230629-Globus/Ruth Scherz-Shouval/2-METABRIC/Images/MB-0494.tiff
Dataset:name:2-METABRIC	/uod/idr/filesets/idr0150-friedman-cafs/20230629-Globus/Ruth Scherz-Shouval/2-METABRIC/Images/MB-0495.tiff
Dataset:name:2-METABRIC	/uod/idr/filesets/idr0150-friedman-cafs/20230629-Globus/Ruth Scherz-Shouval/2-METABRIC/Images/MB-0496.tiff
Dataset:name:2-METABRIC	/uod/idr/filesets/idr0150-friedman-cafs/20230629-Globus/Ruth Scherz-Shouval/2-METABRIC/Images/MB-0501.tiff
Dataset:name:2-METABRIC	/uod/idr/filesets/idr0150-friedman-cafs/20230629-Globus/Ruth Scherz-Shouval/2-METABRIC/Images/MB-0505.tiff
Dataset:name:2-METABRIC	/uod/idr/filesets/idr0150-friedman-cafs/20230629-Globus/Ruth Scherz-Shouval/2-METABRIC/Images/MB-0508.tiff
Dataset:name:2-METABRIC	/uod/idr/filesets/idr0150-friedman-cafs/20230629-Globus/Ruth Scherz-Shouval/2-METABRIC/Images/MB-0511.tiff
Dataset:name:2-METABRIC	/uod/idr/filesets/idr0150-friedman-cafs/20230629-Globus/Ruth Scherz-Shouval/2-METABRIC/Images/MB-0512.tiff
Dataset:name:2-METABRIC	/uod/idr/filesets/idr0150-friedman-cafs/20230629-Globus/Ruth Scherz-Shouval/2-METABRIC/Images/MB-0513.tiff
Dataset:name:2-METABRIC	/uod/idr/filesets/idr0150-friedman-cafs/20230629-Globus/Ruth Scherz-Shouval/2-METABRIC/Images/MB-0519.tiff
Dataset:name:2-METABRIC	/uod/idr/filesets/idr0150-friedman-cafs/20230629-Globus/Ruth Scherz-Shouval/2-METABRIC/Images/MB-0521.tiff
Dataset:name:2-METABRIC	/uod/idr/filesets/idr0150-friedman-cafs/20230629-Globus/Ruth Scherz-Shouval/2-METABRIC/Images/MB-0524.tiff
Dataset:name:2-METABRIC	/uod/idr/filesets/idr0150-friedman-cafs/20230629-Globus/Ruth Scherz-Shouval/2-METABRIC/Images/MB-0525.tiff
Dataset:name:2-METABRIC	/uod/idr/filesets/idr0150-friedman-cafs/20230629-Globus/Ruth Scherz-Shouval/2-METABRIC/Images/MB-0526.tiff
Dataset:name:2-METABRIC	/uod/idr/filesets/idr0150-friedman-cafs/20230629-Globus/Ruth Scherz-Shouval/2-METABRIC/Images/MB-0528.tiff
Dataset:name:2-METABRIC	/uod/idr/filesets/idr0150-friedman-cafs/20230629-Globus/Ruth Scherz-Shouval/2-METABRIC/Images/MB-0529.tiff
Dataset:name:2-METABRIC	/uod/idr/filesets/idr0150-friedman-cafs/20230629-Globus/Ruth Scherz-Shouval/2-METABRIC/Images/MB-0531.tiff
Dataset:name:2-METABRIC	/uod/idr/filesets/idr0150-friedman-cafs/20230629-Globus/Ruth Scherz-Shouval/2-METABRIC/Images/MB-0534.tiff
Dataset:name:2-METABRIC	/uod/idr/filesets/idr0150-friedman-cafs/20230629-Globus/Ruth Scherz-Shouval/2-METABRIC/Images/MB-0535.tiff
Dataset:name:2-METABRIC	/uod/idr/filesets/idr0150-friedman-cafs/20230629-Globus/Ruth Scherz-Shouval/2-METABRIC/Images/MB-0536.tiff
Dataset:name:2-METABRIC	/uod/idr/filesets/idr0150-friedman-cafs/20230629-Globus/Ruth Scherz-Shouval/2-METABRIC/Images/MB-0537.tiff
Dataset:name:2-METABRIC	/uod/idr/filesets/idr0150-friedman-cafs/20230629-Globus/Ruth Scherz-Shouval/2-METABRIC/Images/MB-0538_core1.tiff
Dataset:name:2-METABRIC	/uod/idr/filesets/idr0150-friedman-cafs/20230629-Globus/Ruth Scherz-Shouval/2-METABRIC/Images/MB-0538_core2.tiff
Dataset:name:2-METABRIC	/uod/idr/filesets/idr0150-friedman-cafs/20230629-Globus/Ruth Scherz-Shouval/2-METABRIC/Images/MB-0542.tiff
Dataset:name:2-METABRIC	/uod/idr/filesets/idr0150-friedman-cafs/20230629-Globus/Ruth Scherz-Shouval/2-METABRIC/Images/MB-0545.tiff
Dataset:name:2-METABRIC	/uod/idr/filesets/idr0150-friedman-cafs/20230629-Globus/Ruth Scherz-Shouval/2-METABRIC/Images/MB-0551.tiff
Dataset:name:2-METABRIC	/uod/idr/filesets/idr0150-friedman-cafs/20230629-Globus/Ruth Scherz-Shouval/2-METABRIC/Images/MB-0552.tiff
Dataset:name:2-METABRIC	/uod/idr/filesets/idr0150-friedman-cafs/20230629-Globus/Ruth Scherz-Shouval/2-METABRIC/Images/MB-0569.tiff
Dataset:name:2-METABRIC	/uod/idr/filesets/idr0150-friedman-cafs/20230629-Globus/Ruth Scherz-Shouval/2-METABRIC/Images/MB-0558.tiff
Dataset:name:2-METABRIC	/uod/idr/filesets/idr0150-friedman-cafs/20230629-Globus/Ruth Scherz-Shouval/2-METABRIC/Images/MB-0570.tiff
Dataset:name:2-METABRIC	/uod/idr/filesets/idr0150-friedman-cafs/20230629-Globus/Ruth Scherz-Shouval/2-METABRIC/Images/MB-0574.tiff
Dataset:name:2-METABRIC	/uod/idr/filesets/idr0150-friedman-cafs/20230629-Globus/Ruth Scherz-Shouval/2-METABRIC/Images/MB-0576.tiff
Dataset:name:2-METABRIC	/uod/idr/filesets/idr0150-friedman-cafs/20230629-Globus/Ruth Scherz-Shouval/2-METABRIC/Images/MB-0575.tiff
Dataset:name:2-METABRIC	/uod/idr/filesets/idr0150-friedman-cafs/20230629-Globus/Ruth Scherz-Shouval/2-METABRIC/Images/MB-0578.tiff
Dataset:name:2-METABRIC	/uod/idr/filesets/idr0150-friedman-cafs/20230629-Globus/Ruth Scherz-Shouval/2-METABRIC/Images/MB-0579.tiff
Dataset:name:2-METABRIC	/uod/idr/filesets/idr0150-friedman-cafs/20230629-Globus/Ruth Scherz-Shouval/2-METABRIC/Images/MB-0580.tiff
Dataset:name:2-METABRIC	/uod/idr/filesets/idr0150-friedman-cafs/20230629-Globus/Ruth Scherz-Shouval/2-METABRIC/Images/MB-0582.tiff
Dataset:name:2-METABRIC	/uod/idr/filesets/idr0150-friedman-cafs/20230629-Globus/Ruth Scherz-Shouval/2-METABRIC/Images/MB-0581.tiff
Dataset:name:2-METABRIC	/uod/idr/filesets/idr0150-friedman-cafs/20230629-Globus/Ruth Scherz-Shouval/2-METABRIC/Images/MB-0583.tiff
Dataset:name:2-METABRIC	/uod/idr/filesets/idr0150-friedman-cafs/20230629-Globus/Ruth Scherz-Shouval/2-METABRIC/Images/MB-0584.tiff
Dataset:name:2-METABRIC	/uod/idr/filesets/idr0150-friedman-cafs/20230629-Globus/Ruth Scherz-Shouval/2-METABRIC/Images/MB-0586.tiff
Dataset:name:2-METABRIC	/uod/idr/filesets/idr0150-friedman-cafs/20230629-Globus/Ruth Scherz-Shouval/2-METABRIC/Images/MB-0588.tiff
Dataset:name:2-METABRIC	/uod/idr/filesets/idr0150-friedman-cafs/20230629-Globus/Ruth Scherz-Shouval/2-METABRIC/Images/MB-0589.tiff
Dataset:name:2-METABRIC	/uod/idr/filesets/idr0150-friedman-cafs/20230629-Globus/Ruth Scherz-Shouval/2-METABRIC/Images/MB-0590.tiff
Dataset:name:2-METABRIC	/uod/idr/filesets/idr0150-friedman-cafs/20230629-Globus/Ruth Scherz-Shouval/2-METABRIC/Images/MB-0591.tiff
Dataset:name:2-METABRIC	/uod/idr/filesets/idr0150-friedman-cafs/20230629-Globus/Ruth Scherz-Shouval/2-METABRIC/Images/MB-0594.tiff
Dataset:name:2-METABRIC	/uod/idr/filesets/idr0150-friedman-cafs/20230629-Globus/Ruth Scherz-Shouval/2-METABRIC/Images/MB-0596.tiff
Dataset:name:2-METABRIC	/uod/idr/filesets/idr0150-friedman-cafs/20230629-Globus/Ruth Scherz-Shouval/2-METABRIC/Images/MB-0598.tiff
Dataset:name:2-METABRIC	/uod/idr/filesets/idr0150-friedman-cafs/20230629-Globus/Ruth Scherz-Shouval/2-METABRIC/Images/MB-0599.tiff
Dataset:name:2-METABRIC	/uod/idr/filesets/idr0150-friedman-cafs/20230629-Globus/Ruth Scherz-Shouval/2-METABRIC/Images/MB-0600.tiff
Dataset:name:2-METABRIC	/uod/idr/filesets/idr0150-friedman-cafs/20230629-Globus/Ruth Scherz-Shouval/2-METABRIC/Images/MB-0601.tiff
Dataset:name:2-METABRIC	/uod/idr/filesets/idr0150-friedman-cafs/20230629-Globus/Ruth Scherz-Shouval/2-METABRIC/Images/MB-0606.tiff
Dataset:name:2-METABRIC	/uod/idr/filesets/idr0150-friedman-cafs/20230629-Globus/Ruth Scherz-Shouval/2-METABRIC/Images/MB-0607.tiff
Dataset:name:2-METABRIC	/uod/idr/filesets/idr0150-friedman-cafs/20230629-Globus/Ruth Scherz-Shouval/2-METABRIC/Images/MB-0608.tiff
Dataset:name:2-METABRIC	/uod/idr/filesets/idr0150-friedman-cafs/20230629-Globus/Ruth Scherz-Shouval/2-METABRIC/Images/MB-0609_core1.tiff
Dataset:name:2-METABRIC	/uod/idr/filesets/idr0150-friedman-cafs/20230629-Globus/Ruth Scherz-Shouval/2-METABRIC/Images/MB-0609_core2.tiff
Dataset:name:2-METABRIC	/uod/idr/filesets/idr0150-friedman-cafs/20230629-Globus/Ruth Scherz-Shouval/2-METABRIC/Images/MB-0610.tiff
Dataset:name:2-METABRIC	/uod/idr/filesets/idr0150-friedman-cafs/20230629-Globus/Ruth Scherz-Shouval/2-METABRIC/Images/MB-0613.tiff
Dataset:name:2-METABRIC	/uod/idr/filesets/idr0150-friedman-cafs/20230629-Globus/Ruth Scherz-Shouval/2-METABRIC/Images/MB-0616.tiff
Dataset:name:2-METABRIC	/uod/idr/filesets/idr0150-friedman-cafs/20230629-Globus/Ruth Scherz-Shouval/2-METABRIC/Images/MB-0621.tiff
Dataset:name:2-METABRIC	/uod/idr/filesets/idr0150-friedman-cafs/20230629-Globus/Ruth Scherz-Shouval/2-METABRIC/Images/MB-0626.tiff
Dataset:name:2-METABRIC	/uod/idr/filesets/idr0150-friedman-cafs/20230629-Globus/Ruth Scherz-Shouval/2-METABRIC/Images/MB-0623.tiff
Dataset:name:2-METABRIC	/uod/idr/filesets/idr0150-friedman-cafs/20230629-Globus/Ruth Scherz-Shouval/2-METABRIC/Images/MB-0620.tiff
Dataset:name:2-METABRIC	/uod/idr/filesets/idr0150-friedman-cafs/20230629-Globus/Ruth Scherz-Shouval/2-METABRIC/Images/MB-0628.tiff
Dataset:name:2-METABRIC	/uod/idr/filesets/idr0150-friedman-cafs/20230629-Globus/Ruth Scherz-Shouval/2-METABRIC/Images/MB-0641.tiff
Dataset:name:2-METABRIC	/uod/idr/filesets/idr0150-friedman-cafs/20230629-Globus/Ruth Scherz-Shouval/2-METABRIC/Images/MB-0642.tiff
Dataset:name:2-METABRIC	/uod/idr/filesets/idr0150-friedman-cafs/20230629-Globus/Ruth Scherz-Shouval/2-METABRIC/Images/MB-0643.tiff
Dataset:name:2-METABRIC	/uod/idr/filesets/idr0150-friedman-cafs/20230629-Globus/Ruth Scherz-Shouval/2-METABRIC/Images/MB-0644.tiff
Dataset:name:2-METABRIC	/uod/idr/filesets/idr0150-friedman-cafs/20230629-Globus/Ruth Scherz-Shouval/2-METABRIC/Images/MB-0646.tiff
Dataset:name:2-METABRIC	/uod/idr/filesets/idr0150-friedman-cafs/20230629-Globus/Ruth Scherz-Shouval/2-METABRIC/Images/MB-0650.tiff
Dataset:name:2-METABRIC	/uod/idr/filesets/idr0150-friedman-cafs/20230629-Globus/Ruth Scherz-Shouval/2-METABRIC/Images/MB-0653.tiff
Dataset:name:2-METABRIC	/uod/idr/filesets/idr0150-friedman-cafs/20230629-Globus/Ruth Scherz-Shouval/2-METABRIC/Images/MB-0660.tiff
Dataset:name:2-METABRIC	/uod/idr/filesets/idr0150-friedman-cafs/20230629-Globus/Ruth Scherz-Shouval/2-METABRIC/Images/MB-0661.tiff
Dataset:name:2-METABRIC	/uod/idr/filesets/idr0150-friedman-cafs/20230629-Globus/Ruth Scherz-Shouval/2-METABRIC/Images/MB-0662.tiff
Dataset:name:2-METABRIC	/uod/idr/filesets/idr0150-friedman-cafs/20230629-Globus/Ruth Scherz-Shouval/2-METABRIC/Images/MB-0664.tiff
Dataset:name:2-METABRIC	/uod/idr/filesets/idr0150-friedman-cafs/20230629-Globus/Ruth Scherz-Shouval/2-METABRIC/Images/MB-0869.tiff
Dataset:name:2-METABRIC	/uod/idr/filesets/idr0150-friedman-cafs/20230629-Globus/Ruth Scherz-Shouval/2-METABRIC/Images/MB-0874.tiff
Dataset:name:2-METABRIC	/uod/idr/filesets/idr0150-friedman-cafs/20230629-Globus/Ruth Scherz-Shouval/2-METABRIC/Images/MB-0877.tiff
Dataset:name:2-METABRIC	/uod/idr/filesets/idr0150-friedman-cafs/20230629-Globus/Ruth Scherz-Shouval/2-METABRIC/Images/MB-0882.tiff
Dataset:name:2-METABRIC	/uod/idr/filesets/idr0150-friedman-cafs/20230629-Globus/Ruth Scherz-Shouval/2-METABRIC/Images/MB-0884.tiff
Dataset:name:2-METABRIC	/uod/idr/filesets/idr0150-friedman-cafs/20230629-Globus/Ruth Scherz-Shouval/2-METABRIC/Images/MB-0893.tiff
Dataset:name:2-METABRIC	/uod/idr/filesets/idr0150-friedman-cafs/20230629-Globus/Ruth Scherz-Shouval/2-METABRIC/Images/MB-0897.tiff
Dataset:name:2-METABRIC	/uod/idr/filesets/idr0150-friedman-cafs/20230629-Globus/Ruth Scherz-Shouval/2-METABRIC/Images/MB-0899.tiff
Dataset:name:2-METABRIC	/uod/idr/filesets/idr0150-friedman-cafs/20230629-Globus/Ruth Scherz-Shouval/2-METABRIC/Images/MB-0901.tiff
Dataset:name:2-METABRIC	/uod/idr/filesets/idr0150-friedman-cafs/20230629-Globus/Ruth Scherz-Shouval/2-METABRIC/Images/MB-0904.tiff
